city,name,adress,Google Plus-Code,longitude,latitude
Lisbon,10cowork,"R. Eleutério Teixeira 10, 2825-152 Caparica, Portugal","MR77+J3 Caparica, Portugal",3866410,-918733
Lisbon,2BOFFICE,"R. Sampaio Bruno 2B, 1350-283 Lisboa, Portugal","PR8J+46 Lissabon, Portugal",3871533,-916940
Lisbon,A Dama Rosa Coworking & event space,"Praça do Príncipe Real 18, 1200-230 Lisboa, Portugal","PV82+84 Lissabon, Portugal",3871590,-914966
Lisbon,Antler,"R. Sousa Martins 15 5º Andar, 1050-122 Lisboa, Portugal","PVH3+WJ Lissabon, Portugal",3872974,-914590
Lisbon,Arrepio Colectivo at Heden Graça,"Tv. Pereira 35A, 1170-312 Lisboa, Portugal","PV8C+WF Lissabon, Portugal",3871732,-912877
Lisbon,Avila Spaces,"Av. da República 6 1º esq, 1050-191 Lisboa, Portugal","PVM4+W3 Lissabon, Portugal",3873484,-914475
Lisbon,Avila Spaces,"Praça Duque de Saldanha 1 2ºandar, 1050-094 Lisboa, Portugal","PVM4+63 Lissabon, Portugal",3873311,-914479
Lisbon,Backoffice,"R. Conselheiro Manuel Luís Fernandes 35E, 2825-031 Caparica, Portugal","MR84+M5 Caparica, Portugal",3866663,-919454
Lisbon,BECO LISBOA,"R. da Madalena 214, 1100-325 Lisboa, Portugal","PV77+7F Lissabon, Portugal",3871321,-913637
Lisbon,Best Office,"R. Visc. de Santarém 75B, 1000-286 Lisboa, Portugal","PVM5+XV Lissabon, Portugal",3873488,-914025
Lisbon,Bloom Spaces,"Tv. Teixeira Júnior 2A Floor 2, 1300-113 Lisboa, Portugal","PR3F+M6 Lissabon, Portugal",3870421,-917688
Lisbon,Canopy Lisboa,"Palacio Sotto Mayor, Av. Fontes Pereira de Melo Nº 16, 1050-010 Lisboa, Portugal","PVH2+GX Lissabon, Portugal",3872873,-914748
Lisbon,Coworking - CoworkQueluz Coworking international Space,"Largo Mouzinho de Albuquerque 17, 2745-206 Queluz, Portugal","QP2R+WX Queluz, Portugal",3875234,-925755
Lisbon,Coworking Business Networking Lounge,"R. Mário Gomes Páscoa 8C, 1600-824 Lisboa, Portugal","QR2H+M9 Lissabon, Portugal",3875165,-917159
Lisbon,DeBru Craft Beer,"R. Luciano Cordeiro 2C, 1150-313 Lisboa, Portugal","PVF4+9X Lissabon, Portugal",3872346,-914253
Lisbon,Dream Office,"R. António Nobre 1D 3º DTO, 2800-260 Almada, Portugal","MVM2+MW Almada, Portugal",3868424,-914773
Lisbon,Espaço C3 - Cowork com Impacto Social," R. Alm. Sarmento Rodrigues Lote 2 piso -1, 1900-882 Lisboa, Portugal","PVMH+M3 Lissabon, Portugal",3873421,-912225
Lisbon,Eureka Coworking - Lisboa,"R. Artilharia 1, 77 Palacete, 1250-040 Lisboa, Portugal","PRFV+F4 Lissabon, Portugal",3872368,-915714
Lisbon,Fintech House Lisboa,"Av. Duque de Loulé 12, 1050-093 Lisboa, Portugal","PVH4+J8 Lissabon, Portugal",3872906,-914424
Lisbon,FLWR beauty co-working,"R. Jaime Batalha Reis 1d, 1500-679 Lisboa, Portugal","PRV2+C2 Lissabon, Portugal",3874359,-919997
Lisbon,FORJA Cowork + Studio,"R. das Pedralvas 5A, 1500-487 Lisboa, Portugal","QQ4W+22 Lissabon, Portugal",3875508,-920494
Lisbon,FPM41,"Av. Fontes Pereira de Melo 41, 1050-250 Lisboa, Portugal","PVJ3+VH Lissabon, Portugal",3873216,-914605
Lisbon,GDI Hub,"R. Bento de Jesus Caraça 17C, 1495-686 Cruz Quebrada, Portugal","PQ22+R8 Algés, Portugal",3870208,-924914
Lisbon,Giraldo Works,"R. Castilho 14C, 1250-069 Lisboa, Portugal","PVC2+58 Lissabon, Portugal",3872036,-914917
Lisbon,grow.inc SPACES Lisbon,"Av. Alm. Reis 65, 1150-011 Lisboa, Portugal","PVG7+9W Lissabon, Portugal",3872592,-913519
Lisbon,Heden Chiado,"Largo Rafael Bordalo Pinheiro 29 2nd floor, 1200-369 Lisboa, Portugal","PV65+M8 Lissabon, Portugal",3871172,-914166
Lisbon,Heden Rossio,"Largo do Duque de Cadaval 17 Fracção I, 1200-160 Lisboa, Portugal","PV75+MP Lissabon, Portugal",3871422,-914073
Lisbon,Heden Santa Apolónia,"Doca Jardim do Tabaco, Terminal de Cruzeiros de Lisboa - Edifício NE 1st floor, 1100-651 Lisboa, Portugal","PV6G+P7 Lissabon, Portugal",3871186,-912430
Lisbon,Hyggelig,"R. Nova do Desterro 29 3º dto, 1150-241 Lisboa, Portugal","PVC7+32 Lissabon, Portugal",3872024,-913742
Lisbon,IDEA Spaces - Palácio Sottomayor Palace,"Av. Fontes Pereira de Melo 16, 1050-121 Lisboa, Portugal","PVH2+GX Lissabon, Portugal",3872875,-914751
Lisbon,IDEA Spaces - Parque das Nações,"Av. D. Joao II Nº35 11ºA, 1990-083 Lisboa, Portugal","QWC2+3R Lissabon, Portugal",3877017,-909789
Lisbon,IDEA Spaces - São Sebastião,"Av. António Augusto de Aguiar 122C, 1050-046 Lisboa, Portugal","PRMW+8W Lissabon, Portugal",3873327,-915270
Lisbon,IDEA Spaces Saldanah,"Av. Defensores de Chaves 4, 1000-117 Lisboa, Portugal","PVM4+5W Lissabon, Portugal",3873287,-914270
Lisbon,Impact Hub Lisbon,"Tv. Pedras Negras 1 1.º Direito, 1100-404 Lisboa, Portugal","PV68+52 Lissabon, Portugal",3871043,-913496
Lisbon,LACS Anjos,"R. Febo Moniz 27B, 1150-152 Lisboa, Portugal","PVG7+GJ Lissabon, Portugal",3872629,-913590
Lisbon,LACS Communitivity of Creators ,"Rocha do Conde de Óbidos, 1350-352 Lisboa, Portugal","PR3Q+66 Lissabon, Portugal",3870309,-916197
Lisbon,Leap Workspace,"Espaço Amoreiras Centro Empresarial Rua D. João V, nº 24, 1.03, 1250-091 Lisboa, Portugal","PRCR+4J Lissabon, Portugal",3872032,-915841
Lisbon,Lisbon WorkHub,"R. Tabaqueira A2, 1950-256 Lisboa, Portugal","PWW2+PH Lissabon, Portugal",3874683,-909849
Lisbon,Lisbon-Cowork,"Rua da Bela Vista à Graça 27A, 1170-058 Lisboa, Portugal","PV9G+97 Lissabon, Portugal",3871844,-912432
Lisbon,LisbonCoworkingSpace.com (The Liz),"R. Maria 36A, 1170-286 Lisboa, Portugal","PVF8+5P Lissabon, Portugal",3872294,-913320
Lisbon,"Marketline - Serviços De Marketing, Lda.","Av. da Ilha da Madeira 26, 1400-204 Lisboa, Portugal","PQ4V+53 Lissabon, Portugal",3870541,-920733
Lisbon,MU Workspace - Creative Cowork,"R. Luís Piçarra nº4, 1750-417 Lisboa, Portugal","QRGX+9P Lissabon, Portugal",3877599,-915069
Lisbon,Nau Coworking,"R. dos Lagares d'El-Rei 19A, 1700-268 Lisboa, Portugal","PVX8+58 Lissabon, Portugal",3874795,-913414
Lisbon,Nimbler Spaces Coworking & Private Offices Lisbon Marquês de Pombal,"Av. Duque de Loulé 110, 1050-045 Lisboa, Portugal","PVG2+HX Lissabon, Portugal",3872645,-914762
Lisbon,NKOOWOORK – Coworking in Lisbon," Praceta da Tabaqueira, Praceta, B Lote A 5º I, 1950-256 Lisboa, Portugal","PWW2+PH Lissabon, Portugal",3874682,-909849
Lisbon,Noticiaria,"Rua do Loreto 19, 1200-106 Lisboa, Portugal","PV64+67 Lissabon, Portugal",3871062,-914427
Lisbon,NOW_Beato,"Rua da Manutenção 67, 1900-319 Lisboa, Portugal","PVHR+WV Lissabon, Portugal",3872979,-910785
Lisbon,Nuno Space,"Largo Santos 9 2E, 1200-656 Lisboa, Portugal","PR5W+26 Lissabon, Portugal",3870753,-915443
Lisbon,ONE your first stop,"R. Pereira Henriques nº1, 1950-242 Lisboa, Portugal","PVRW+8H Lissabon, Portugal",3874086,-910354
Lisbon,Outsite Cowork Café,"Rua de S. Paulo 109, 1200-066 Lisboa, Portugal","PV53+94 Lissabon, Portugal",3870844,-914719
Lisbon,Perigord Lisboa,"Rua da Senhora do Monte 38, 1170-361 Lisboa, Portugal","PV99+Q7 Lissabon, Portugal",3871939,-913178
Lisbon,Quarto Andar,"R. Padre Luís Aparício 9 4º Direito, 1150-248 Lisboa, Portugal","PVF4+QW Lissabon, Portugal",3872442,-914263
Lisbon,Regus - Lisbon Avenida da Liberdade,"Av. da Liberdade 110, 1269-046 Lisboa, Portugal","PV94+HF Lissabon, Portugal",3871887,-914377
Lisbon,Regus - Lisbon Avenida da Republica,"Av. da República 50 2nd floor, 1050-196 Lisboa, Portugal","PVR3+6H Lissabon, Portugal",3874056,-914612
Lisbon,"Regus - Lisbon, Amoreiras","Building Amoreiras Square, R. Carlos Alberto da Mota Pinto 17 3rd Floor A, 1070-313 Lisboa, Portugal","PRCQ+H9 Lissabon, Portugal",3872139,-916160
Lisbon,"Regus - Lisbon, Chiado","R. Ivens 42, 1200-227 Lisboa, Portugal","PV65+3R Lissabon, Portugal",3871014,-914037
Lisbon,"Regus - Lisbon, Miraflores","Torre de Monsanto, R. Afonso Praça 30 7th floor, 1495-061 Lisboa, Portugal","PQ8H+76 Lissabon, Portugal",3871570,-922184
Lisbon,"Regus - Lisbon, Mouzinho da Silveira","R. Mouzinho da Silveira 32, 1250-167 Lisboa, Portugal","PRFX+7Q Lissabon, Portugal",3872314,-915055
Lisbon,Resvés Cowork Space,"R. Saraiva de Carvalho 1C, 1250-240 Lisboa, Portugal","PR9R+9R Lissabon, Portugal",3871848,-915793
Lisbon,Scape Workspaces,"Doca de Santo Amaro Armazém 15, 1350-353 Lisboa, Portugal","MRXC+WG Lissabon, Portugal",3869975,-917873
Lisbon,Second Home Lisbon,"Mercado de Ribeira, Av. 24 de Julho 1o andar, 1200-479 Lisboa, Portugal","PV43+MJ Lissabon, Portugal",3870673,-914587
Lisbon,Selina Secret Garden & Cowork,"Beco Carrasco nº1, 1200-096 Lisboa, Portugal","PR6X+2M Lissabon, Portugal",3871004,-915079
Lisbon,sepion.cowork,"Calçada Moinho de Vento 5, 1150-316 Lisboa, Portugal","PVC5+49 Lissabon, Portugal",3872033,-914160
Lisbon,Sítio Coworking Marquês,"Rua do Conde de Redondo 145 2, 1150-104 Lisboa, Portugal","PVF3+WJ Lissabon, Portugal",3872484,-914598
Lisbon,sitio Work Alto São João,"Parada Alto de São João 17-A porta E, 1900-053 Lisboa, Portugal","PVHG+P8 Lissabon, Portugal",3872927,-912412
Lisbon,sitio Work Alvalade,"R. João Saraiva 36 LOJA 03, 1700-051 Lisboa, Portugal","QV44+JM Lissabon, Portugal",3875655,-914328
Lisbon,sitio Work António Augusto Aguiar,"R. Filipe Folque 2, 1D 1E, 1050-113 Lisboa, Portugal","PRJX+8V Lissabon, Portugal",3873075,-915035
Lisbon,sitio Work Areeiro,"Av. Alm. Reis 256 3D, 1000-058 Lisboa, Portugal","PVR8+CM Lissabon, Portugal",3874111,-913327
Lisbon,sitio Work Fintech House,"Av. Duque de Loulé 12, 1250-217 Lisboa, Portugal","PVH4+J8 Lissabon, Portugal",3872906,-914424
Lisbon,SoHome - Coworking,"R. da Alegria 27, 1250-264 Lisboa, Portugal","PV93+2C Lissabon, Portugal",3871755,-914636
Lisbon,The Base Cowork Space - Coworking in Lisbon,"Tv. do Fala-Só 13B, 1250-096 Lisboa, Portugal","PV84+F9 Lissabon, Portugal",3871614,-914401
Lisbon,The Block Lisboa,"R. Latino Coelho 63 1er Andar, 1050-133 Lisboa, Portugal","PVM2+44 Lissabon, Portugal",3873284,-914973
Lisbon,The Community,"R. de Borges Carneiro 61A, 1200-617 Lisboa, Portugal","PR6R+PX Lissabon, Portugal",3871172,-915754
Lisbon,The Food Tech Hub,"Av. da República 48 2 esq, 1050-195 Lisboa, Portugal","PVR3+2H Lissabon, Portugal",3874006,-914601
Lisbon,The Old Garage,"Santos 20, Jardim 9 de Abril, Travessa do Olival a Santos 18, 1200-736 Lisboa, Portugal","PR3P+VQ Lissabon, Portugal",3870468,-916311
Lisbon,THE THIRD FLOOR,"R. da Madalena 85, 1100-319 Lisboa, Portugal","PV67+3V Lissabon, Portugal",3871013,-913536
Lisbon,Time To Cowork,"Avenida 24 de julho numero 3, 1esquerdo, 1200-161 Lisboa, Portugal","PV43+M2 Lissabon, Portugal",3870674,-914744
Lisbon,Unicorn Workspaces Avenidas Novas,"Av. António Augusto de Aguiar 21, 1050-012 Lisboa, Portugal","PRJX+9F Lissabon, Portugal",3873089,-915124
Lisbon,Unicorn Workspaces Liberdade,"Av. da Liberdade 10, 1250-147 Lisboa, Portugal","PV85+M7 Lissabon, Portugal",3871664,-914185
Lisbon,Unicorn Workspaces Marquês,"R. Filipe Folque 2, 1050-210 Lisboa, Portugal","PRJX+8R Lissabon, Portugal",3873075,-915045
Lisbon,Village Underground Lisboa,"Av. da Índia 52, 1300-299 Lisboa, Portugal","PR2C+6M Lissabon, Portugal",3870054,-917830
Lisbon,VRLAB,"Rua da Sociedade Farmacêutica 56 R/C, 1150-341 Lisboa, Portugal","PVG3+HF Lissabon, Portugal",3872639,-914634
Lisbon,WeWork 50 R. Alexandre Herculano,"R. Alexandre Herculano 50, 1250-011 Lisboa, Portugal","PRCX+P8 Lissabon, Portugal",3872182,-915172
Lisbon,Work Avenida Estrela,"Av. Álvares Cabral 63B, 1250-017 Lisboa, Portugal","PR8R+PW Lissabon, Portugal",3872430,-914856
Lisbon,Work Avenida Liberdade,"Av. da Liberdade 262, 1250-149 Lisboa, Portugal","PVF2+PH Lissabon, Portugal",3872433,-914854
Lisbon,Work Café Santander,"Av. Eng. Duarte Pacheco 21, 1250-096 Lisboa, Portugal","PRFR+M7 Lissabon, Portugal",3872420,-915935
Lisbon,Work'In Marquês - Centro de escritórios,"Av. António Augusto de Aguiar 24, 1050-016 Lisboa, Portugal","PVH2+M7 Lissabon, Portugal",3872914,-914926
Lisbon,Workup - Lisbon Cowork Centre & Virtual Offices,"R. Tomás da Fonseca 40A, 1600-275 Lisboa, Portugal","QR4M+55 Lissabon, Portugal",3875536,-916707
Riga,TechHub Riga,"Elizabetes iela 20, Centra rajons, Rīga, LV-1050, Lettland","W4XC+XJ Riga, Lettland",5694995,2412161
Riga,Mill Riga,"Tallinas iela 10, Centra rajons, Rīga, LV-1001, Lettland","X47M+PW Riga, Lettland",5696434,2413481
Riga,Workland Telegraph,"Audēju iela 15, Centra rajons, Rīga, LV-1050, Lettland","W4W7+R5 Riga, Lettland",5694708,2411300
Riga,Coworking Riga,"Artilērijas iela 3, Centra rajons, Rīga, LV-1001, Lettland","X46P+G5 Riga, Lettland",5696124,2413547
Riga,Techhub Riga,"Elizabetes iela 20, Centra rajons, Rīga, LV-1050, Lettland","W4XC+XJ Riga, Lettland",5694996,2412167
Riga,OraculeTang Space,"Doma laukums 2, Centra rajons, Rīga, LV-1050, Lettland","W4X3+PH Riga, Lettland",5694931,2410388
Riga,Double9 coworking,"Šarlotes iela 18a, Centra rajons, Rīga, LV-1001, Lettland","X48J+22 Riga, Lettland",5696509,2413011
Riga,DarbaVieta,"Rūpniecības iela 30, Ziemeļu rajons, Rīga, LV-1045, Lettland","X473+9J Riga, Lettland",5696341,2410390
Riga,croworking,"Tallinas iela 77, Latgales priekšpilsēta, Rīga, LV-1009, Lettland","X44W+WX Riga, Lettland",5695736,2414741
Riga,LU Student Business Inkubator Co-Working Space,"Aspazijas bulvāris 5-222, Centra rajons, Rīga, LV-1050, Lettland","W4X8+43 Riga, Lettland",5694779,2411510
Riga,"Regus - Riga, Terbatas","4th & 5th floors, Tērbatas iela 14, Rīga, LV-1011, Lettland","X43C+FH Riga, Lettland",5695367,2412150
Riga,"Regus - Riga, Esplanade","Dzirnavu iela 57a 2nd and 7th floor, Rīga, LV-1010, Lettland","X449+9C Riga, Lettland",5695589,2411854
Riga,Beauty Works coworking,"Matīsa iela 28, Centra rajons, Rīga, LV-1001, Lettland","X44M+JJ Riga, Lettland",5695654,2413409
Riga,Regus - Riga Opera,"Aspazijas bulvaris 20 2nd and 3rd floor, Rīga, LV-1050, Lettland","X426+2R Riga, Lettland",5694998,2411212
Riga,Magnēts Coworking,"Mazā Nometņu iela 31, Zemgales priekšpilsēta, Rīga, LV-1002, Lettland","W3P9+8M Riga, Lettland",5693581,2406924
Riga,Hamann Coworking,"Slokas iela 41A, Zemgales priekšpilsēta, Rīga, LV-1007, Lettland","X328+63 Riga, Lettland",5695055,2406517
Riga,Teikums,"Gustava Zemgala gat. 78, Vidzemes priekšpilsēta, Rīga, LV-1035, Lettland","X5G8+QF Riga, Lettland",5697692,2416626
Barcelona,La Vaca Coworking Barcelona,"Carrer de la Creu dels Molers, 19, 08004 Barcelona, Spanien","95F6+JQ Barcelona, Spanien",4137409,2161937
Barcelona,OneCoWork Catedral | Barcelona Coworking,"Av. de la Catedral, 6, 08002 Barcelona, Spanien","95MG+XP Barcelona, Spanien",4138499,2176744
Barcelona,"betahaus I - Coworking in Barcelona, Gràcia","Carrer de Vilafranca, 7, 08024 Barcelona, Spanien","C544+QP Barcelona, Spanien",4140696,2156778
Barcelona,Meet BCN - Coworking Space in Barcelona,"Rambla de Catalunya, 125, 3º 2ª, 08008 Barcelona, Spanien","95V5+W5 Barcelona, Spanien",4139482,2157991
Barcelona,Barcelona Reial Coworking,"Reial Barcelona Coworking, La Rambla, 42, 08002 Barcelona, Spanien","95HG+Q2 Barcelona, Spanien",4137942,2175059
Barcelona,OneCoWork Plaça Catalunya | Barcelona Coworking,"C/ d'Estruc, 9, 08002 Barcelona, Spanien","95PF+Q2 Barcelona, Spanien",4138687,2172532
Barcelona,MOB Bailén - Coworking in Barcelona,"C/ de Bailèn, 11, 08010 Barcelona, Spanien","95RG+MV Barcelona, Spanien",4139178,2177249
Barcelona,Cowork Rambla Catalunya - Coworking Barcelona,"Carrer Corsega, num. 284, 1 Pis, 08008 Barcelona, Spanien","95V4+RR Barcelona, Spanien",4139453,2157116
Barcelona,Sowo Coworking Barcelona,"C/ del Consell de Cent, 413, 415, Principal 2ª, 08009 Barcelona, Spanien","95WC+8M Barcelona, Spanien",4139584,2171729
Barcelona,Space Up Barcelona - Coworking & Centro de negocios,"C/ de Provença, 385, 6-2, 08025 Barcelona, Spanien","C52C+VG Barcelona, Spanien",4140222,2171284
Barcelona,CahootCoworking Barcelona,"C. de Floridablanca, 94, 08015 Barcelona, Spanien","95H5+HV Barcelona, Spanien",4137892,2159718
Barcelona,CREC Coworking Barcelona Poble Sec,"C/ de Blesa, 27, 08004 Barcelona, Spanien","95C9+R9 Barcelona, Spanien",4137203,2168472
Barcelona,Aticco Urquinaona - Coworking en Eixample,"Rda. de Sant Pere, 52, 08010 Barcelona, Spanien","95RG+3J Barcelona, Spanien",4139017,2176631
Barcelona,PAU,"Rda. de Sant Pau, 47, 08015 Barcelona, Spanien","95G7+VW Barcelona, Spanien",4137717,2164855
Barcelona,Start2bee Coworking & Events Space,"C/ de l'Escorial, 180, 08024 Barcelona, Spanien","C565+97 Barcelona, Spanien",4141092,2158055
Barcelona,Talent Garden Barcelona,"C/ de Ramon Turró, 169, A, 08005 Barcelona, Spanien","96X2+HC Barcelona, Spanien",4139885,2201014
Barcelona,CREC Coworking Eixample,"Gran Via de les Corts Catalanes, 672, 08010 Barcelona, Spanien","95RC+QR Barcelona, Spanien",4139189,2172057
Barcelona,GARDEN :: coworking space + atelier,"Carrer del Planeta, 12, 08012 Barcelona, Spanien","C524+HF Barcelona, Spanien",4140143,2156139
Barcelona,Coworking Transforma bcn,"C/ del Consell de Cent, 394, 08009 Barcelona, Spanien","95WF+93 Barcelona, Spanien",4139596,2172734
Barcelona,Cwork Coworking Barcelona,"C/ de Provença, 555, 08026 Barcelona, Spanien","C55J+P8 Barcelona, Spanien",4140926,2180812
Barcelona,CREC Coworking Gràcia - Depot Lab Barcelona,"Carrer de Joaquim Ruyra, 9, 11, 08025 Barcelona, Spanien","C547+9G Barcelona, Spanien",4140594,2163867
Barcelona,Coworking RavalCo - Peaceful Coworking (24/7 for members),"C/ de Sant Vicenç, 21, 08001 Barcelona, Spanien","95J7+FX Barcelona, Spanien",4138122,2164982
Barcelona,MAUI Beach Coworking,"Carrer del Perelló, 74, 08005 Barcelona, Spanien","96X4+22 Barcelona, Spanien",4139760,2205048
Barcelona,Coworking en Barcelona - Coworking Platon,"C/ de Balmes, 177, 08006 Barcelona, Spanien","95W3+F8 Barcelona, Spanien",4139623,2153267
Barcelona,Itnig Spaces,"C. de Pujades, 100, 08005 Barcelona, Spanien","95WV+HM Barcelona, Spanien",4139643,2194160
Barcelona,Cloudworks Passeig de Gràcia,"Gran Via de les Corts Catalanes, 613, 1era planta, 08007 Barcelona, Spanien","95R9+49 Barcelona, Spanien",4139032,2168469
Barcelona,The Office Coworking Barcelona,"Carrer Calàbria 149, entresol 1a, 08015 Barcelona, Spanien","95J2+QP Barcelona, Spanien",4138192,2151864
Barcelona,Coworking LOOM Glòries,"Av. Diagonal, 211, 08018 Barcelona, Spanien","C53Q+9R Barcelona, Spanien",4140338,2189535
Barcelona,Kubik Barcelona,"C/ de Luis Antúnez, 6, 08006 Barcelona, Spanien","95X4+G8 Barcelona, Spanien",4139876,2155835
Barcelona,Home Work Coworking,"Av. Diagonal, 460, 2º 2ª, 08006 Barcelona, Spanien","95W4+FV Barcelona, Spanien",4139619,2157224
Barcelona,Ecoworking Barcelona,"Av. de Roma, 36, 08015 Barcelona, Spanien","94JW+MP Barcelona, Spanien",4138172,2146760
Barcelona,WeWork - Espacio de oficinas y coworking,"Av. Diagonal, 444, ground floor, 08037 Barcelona, Spanien","95W6+Q3 Barcelona, Spanien",4139693,2160188
Barcelona,Cwork Coworking Barcelona,"Carrer de Martí, 110, 08024 Barcelona, Spanien","C555+MX Barcelona, Spanien",4140924,2159934
Barcelona,City Work Bcn | Coworking Barcelona,"Travessera de Gràcia, 73, 79, 08006 Barcelona, Spanien","95W2+R9 Barcelona, Spanien",4139710,2150867
Barcelona,Coworking Oficina24,"C/ d'Aragó, 366, 08009 Barcelona, Spanien","95WC+VM Barcelona, Spanien",4139713,2171660
Barcelona,Aticco Med - Coworking Fórum,"Passeig de Garcia Fària, 49, 08019 Barcelona, Spanien","C637+75 Barcelona, Spanien",4140311,2212883
Barcelona,Jungle . Coworking,"Carrer de la Marina, 68, 08005 Barcelona, Spanien","95RR+V8 Barcelona, Spanien",4139216,2190851
Barcelona,"Spaces - Barcelona, Spaces 22 Arroba","C. de Pallars, 193, 08005 Barcelona, Spanien","C52X+C3 Barcelona, Spanien",4140107,2197789
Barcelona,Coworking BCN575,"Gran Via de les Corts Catalanes, 575, 08011 Barcelona, Spanien","95P6+3V Barcelona, Spanien",4138520,2162199
Barcelona,COCO PLACE : Coworking Gràcia Barcelona,"Carrer de Sant Salvador, 87, 08024 Barcelona, Spanien","C554+64 Barcelona, Spanien",4140805,2155309
Barcelona,Impact Hub Barcelona,"C. de Pujades, 94, 96, 08005 Barcelona, Spanien","95WV+GG Barcelona, Spanien",4139625,2193747
Barcelona,NewWork Coworking & Workspace - Oficinas - Despachos,"C/ del Perú, 186 bis, 08020 Barcelona, Spanien","C672+2P Barcelona, Spanien",4141251,2201790
Barcelona,WeWork - Espacio de oficinas y coworking,"C. de Pallars, 194, 2, 08005 Barcelona, Spanien","C52X+F7 Barcelona, Spanien",4140115,2198181
Barcelona,Coworkidea,"Carrer de Torres i Amat, 21, 1º, 08001 Barcelona, Spanien","95M8+R8 Barcelona, Spanien",4138459,2165783
Barcelona,Utopicus,"Rda. de Sant Pere, 16, 08010 Barcelona, Spanien","95QC+9Q Barcelona, Spanien",4138841,2172004
Barcelona,Coworking Space&Co,"C/ de Muntaner, 328, 08021 Barcelona, Spanien","94XV+3X Barcelona, Spanien",4139773,2144947
Barcelona,Eclektic Space I Coworking Poblenou,"Passatge d'Aymà, 8, 08005 Barcelona, Spanien","96X3+3P Barcelona, Spanien",4139763,2204300
Barcelona,Loft 153 - Coworking space & Offices,"C/ del Consell de Cent, 153, 08015 Barcelona, Spanien","95M3+2M Barcelona, Spanien",4138260,2154248
Barcelona,MOB Caterina - Coworking in Barcelona,"Av. de Francesc Cambó, 17, 1er piso, 08003 Barcelona, Spanien","95PG+FX Barcelona, Spanien",4138622,2177492
Barcelona,Coworking - Factory103,"C/ de Mallorca, 103, 08029 Barcelona, Spanien","95P2+CR Barcelona, Spanien",4138605,2152073
Barcelona,OneCoWork Portal de l´Ángel | Coworking Barcelona,"Avda. del Portal de l'Àngel, 40, 08002 Barcelona, Spanien","95PC+PR Barcelona, Spanien",4138673,2172083
Barcelona,The Foundery,"Pl. Reial, 18, 08002 Barcelona, Spanien","95HG+W3 Barcelona, Spanien",4137974,2175128
Barcelona,ALGRI COWORKING BARCELONA,"Av. Diagonal, 263, 08013 Barcelona, Spanien","C52H+GR Barcelona, Spanien",4140127,2179588
Barcelona,Coworking En Barcelona Space&Co,"C/ de Balmes, 211, 08006 Barcelona, Spanien","95X2+7F Barcelona, Spanien",4139817,2151177
Barcelona,Utopicus Torre Marenostrum,"Pl. del Gas, 1, Edificio B, 08003 Barcelona, Spanien","95MR+77 Barcelona, Spanien",4138318,2190666
Barcelona,Camaleó coworking barcelona,"Carrer de Sant Pere Mitjà, 67, 08003 Barcelona, Spanien","95QH+F8 Barcelona, Spanien",4138862,2178271
Barcelona,Bcn Workspace (Espacios de oficina Barcelona),"Carrer de Tamarit, 119, 125, 08015 Barcelona, Spanien","95G5+M7 Barcelona, Spanien",4137671,2158190
Barcelona,Alpha Espai #Coworking #Poblenou #Barcelona #22@,"C. de Lope de Vega, 99-101, Local, 08005 Barcelona, Spanien","C633+R7 Barcelona, Spanien",4140458,2203182
Barcelona,Monday Tibidabo,"C/ de Lluís Muntadas, 8, 08035 Barcelona, Spanien","C48M+53 Barcelona, Spanien",4141546,2132739
Barcelona,Bcombinator - Incubadora y Coworking en la Playa de Barcelona,"C/ de Badajoz, 32, 08005 Barcelona, Spanien","95WX+9M Barcelona, Spanien",4139592,2199199
Barcelona,CREC Coworking Diagonal - Depot Lab Barcelona,"C/ del Bruc, 149, 08037 Barcelona, Spanien","95X7+G9 Barcelona, Spanien",4139873,2163469
Barcelona,WeWork - Espai d'oficines i coworking,"Pg. de Gràcia, 17, 08007 Barcelona, Spanien","95Q8+WW Barcelona, Spanien",4138976,2167352
Barcelona,Espai Born,"C/ dels Vigatans, 11, 08003 Barcelona, Spanien","95MH+PX Barcelona, Spanien",4138431,2179959
Barcelona,Cloudworks Sant Antoni,"C/ del Comte Borrell, 62, 08015 Barcelona, Spanien","95H6+H7 Barcelona, Spanien",4137892,2160753
Barcelona,Cloudworks Sant Joan,"C/ d'Aragó, 383, 10ma, 08013 Barcelona, Spanien","95XF+H9 Barcelona, Spanien",4139888,2173450
Barcelona,Cwork Barcelona Coworking,"Carrer del Camp, 79, 08022 Barcelona, Spanien","C43P+Q2 Barcelona, Spanien",4140436,2135082
Barcelona,FLYCOWORK | Coworking & Oficinas Privadas,"Ronda del General Mitre, 126, 08021 Barcelona, Spanien","C42Q+W3 Barcelona, Spanien",4140233,2137706
Barcelona,"La Taula Shared Office, Coworking Poblenou","Carrer del Taulat, 59, PB, 08005 Barcelona, Spanien","96X3+5F Barcelona, Spanien",4139788,2203656
Barcelona,Coworking Barcelona (630 Gran Via),"Gran Via de les Corts Catalanes, 630, Piso 1 Puerta 1, 08007 Barcelona, Spanien","95Q9+C4 Barcelona, Spanien",4138855,2167808
Barcelona,Montoya,"C/ d'Àvila, 32, 08005 Barcelona, Spanien","95WX+45 Barcelona, Spanien",4139527,2197883
Barcelona,The Social Hub Coworking Barcelona Poblenou,"C/ de Cristóbal de Moura, 49, 08019 Barcelona, Spanien","C653+XQ Barcelona, Spanien",4140995,2204468
Barcelona,CoWorking WITH,"Carrer del Perelló, 48, 50, Bajos, 08005 Barcelona, Spanien","96X4+FF Barcelona, Spanien",4139861,2206299
Barcelona,Alquiler Oficinas y Salas Centro Barcelona,"C/ d'Aragó, 308, 1º 2ª, 08009 Barcelona, Spanien","95V9+R8 Barcelona, Spanien",4139448,2168252
Barcelona,Collective Barcelona,"Pg. de Gràcia, 53, 08007 Barcelona, Spanien","95R7+XH Barcelona, Spanien",4139238,2164013
Barcelona,GWC Coworking Barcelona,"Passeig d'Amunt, 7, Bajos, 08024 Barcelona, Spanien","C555+WQ Barcelona, Spanien",4140984,2159378
Barcelona,Mitre Workspace,"Ronda del General Mitre, 126, 08021 Barcelona, Spanien","C42Q+W4 Barcelona, Spanien",4140224,2137792
Barcelona,Coworking Fontanella,"C/ de Fontanella, 18, 3º, 08010 Barcelona, Spanien","95QF+63 Barcelona, Spanien",4138804,2172710
Barcelona,Vía Coworking Barcelona,"Via Laietana 71 Pral 2º, 08003 Barcelona, Spanien","95QF+74 Barcelona, Spanien",4138824,2172846
Barcelona,WeWork - Espacio de oficinas y coworking,"C/ de la Ciutat de Granada, 121, 08018 Barcelona, Spanien","C52V+R5 Barcelona, Spanien",4140200,2192960
Barcelona,Canvas Barcelona,"La Rambla, 130, 08002 Barcelona, Spanien","95MC+RG Barcelona, Spanien",4138452,2171278
Barcelona,Coworker Barcelona,"C/ dels Mirallers, 6, 08003 Barcelona, Spanien","95MJ+M6 Barcelona, Spanien",4138417,2180517
Barcelona,Coworking La Platja,"Plaça de Tirant lo Blanc, 6, 08005 Barcelona, Spanien","96V2+76 Barcelona, Spanien",4139318,2200602
Barcelona,"Spaces - Barcelona, Spaces 22 Arroba Mar","Mapfre Tower, Carrer de la Marina, 16-18, 27th Floor, 08005 Barcelona, Spanien","95QX+42 Barcelona, Spanien",4138779,2197560
Barcelona,L'illa & Co.,"Av. Diagonal, 571, planta 2, 08029 Barcelona, Spanien","94QM+PG Barcelona, Spanien",4138934,2133826
Barcelona,CoWork Bcn,"Pg. d'Isabel II, 6, 08003 Barcelona, Spanien","95JM+J4 Barcelona, Spanien",4138157,2182772
Barcelona,Agitación.net Coworking Gràcia,"Carrer de Sant Domènec, 11, 08012 Barcelona, Spanien","C524+3H Barcelona, Spanien",4140021,2156466
Barcelona,Iscoworkingbcn,"Rambla de Catalunya, 71, 08007 Barcelona, Spanien","95R7+G2 Barcelona, Spanien",4139135,2162606
Barcelona,BCN Cowork.es | Coworking Barcelona Sud,"Ciutat de la Justicia, Av. del Carrilet, 3, Edificio D, 08902 L'Hospitalet de Llobregat, Barcelona, Spanien","947J+WJ L’Hospitalet de Llobregat, Spanien",4136479,2131557
Barcelona,First Workplaces Rambla Catalunya,"Rambla de Catalunya, 18, 08007 Barcelona, Spanien","95Q8+HP Barcelona, Spanien",4138893,2166847
Barcelona,Aticco Bogatell - Coworking en Poblenou,"C. de Pallars, 108, 08018 Barcelona, Spanien","95WR+8F Barcelona, Spanien",4139585,2191201
Barcelona,Nexus Coworking & Private offices,"C/ de Lepant, 270, Entresuelo (Recepción en Planta Baja, 08013 Barcelona, Spanien","C53G+MV Barcelona, Spanien",4140419,2177177
Barcelona,Coworking Loft para Creativos: WeLoft,"C/ de Pere IV, 78, 6º 2ª, 08005 Barcelona, Spanien","95WV+VF Barcelona, Spanien",4139716,2193665
Barcelona,SINGULAR COWORK - Coworking a Gràcia,"C/ de Sant Agustí, 5, 2A, 08012 Barcelona, Spanien","95X6+88 Barcelona, Spanien",4139833,2160832
Barcelona,Coworking La Guarida Creativa Barcelona,"Carrer de Bertran, 92 Tercera, planta, 08023 Barcelona, Spanien","C45Q+2W Barcelona, Spanien",4140753,2139840
Barcelona,Cloudworks La Rambla - Drassanes,"Av. de les Drassanes, 6, Planta 23, 08001 Barcelona, Spanien","95GG+H3 Barcelona, Spanien",4137645,2175241
Barcelona,COWORKING PASSATGE NOGUÉS,"Passatge de Nogués, 10, 08025 Barcelona, Spanien","C558+2P Barcelona, Spanien",4140761,2166824
Barcelona,AB21 space. Coworking,"C/ d'Aurora Bertrana, 21, 08028 Barcelona, Spanien","94H9+FH Barcelona, Spanien",4137870,2118969
Barcelona,STUDIO52 Bcn * Coworking & Plató Fotográfico,"C/ de la Ciutat de Granada, 52, 1º, 08005 Barcelona, Spanien","95XX+C5 Barcelona, Spanien",4139857,2197970
Barcelona,Monday Diagonal,"Carrer de la Riera de Sant Miquel, 1 BIS, 08006 Barcelona, Spanien","95W5+Q4 Barcelona, Spanien",4139689,2157794
Barcelona,Coworking Boutique Rambla Catalunya 49,"Rambla de Catalunya, 49, 08007 Barcelona, Spanien","95R7+4H Barcelona, Spanien",4139036,2163950
Barcelona,Aurea Coworking | Sarrià,"Av, Via Augusta, 318, local 4, 08017 Barcelona, Spanien","94XG+99 Barcelona, Spanien",4139845,2126019
Barcelona,Produkt Buro,"C/ de Ramon Turró, 154, 08005 Barcelona, Spanien","95WX+QM Barcelona, Spanien",4139695,2199224
Barcelona,"Loft 153 - Coworking, coffeeworking & Events","C. de Viladomat, 169, Bajos, 08015 Barcelona, Spanien","95M3+26 Barcelona, Spanien",4138250,2153023
Barcelona,Eco-Working Poblenou,"C/ de la Ciutat de Granada, 28, 08005 Barcelona, Spanien","95XX+2Q Barcelona, Spanien",4139753,2199467
Barcelona,Coworking LOOM Plaza Catalunya,"Pl. de Catalunya, 9, 08002 Barcelona, Spanien","95Q9+3F Barcelona, Spanien",4138762,2168744
Barcelona,La Lola Coworking,"Carrer de Sant Salvador, 109, 08024 Barcelona, Spanien","C554+89 Barcelona, Spanien",4140838,2155860
Barcelona,Coworking Poblenou,"C. de Pallars, 74, 1-12, 08018 Barcelona, Spanien","95VQ+MC Barcelona, Spanien",4139419,2188538
Barcelona,Acla Coworking,"Av. Diagonal, 337, b, 08037 Barcelona, Spanien","95X9+83 Barcelona, Spanien",4139832,2167709
Barcelona,Beauty Loft Coworking,"Travessera de Gràcia, 213, 08012 Barcelona, Spanien","C536+97 Barcelona, Spanien",4140338,2160729
Barcelona,"Spaces - Barcelona, Spaces Passatge Mas de Roda","Passatge de Mas de Roda, 6-14, 08005 Barcelona, Spanien","95WX+GQ Barcelona, Spanien",4139629,2199412
Barcelona,Coworking el Raval,"C/ de la Lluna, 11, 08001 Barcelona, Spanien","95J8+F9 Barcelona, Spanien",4138113,2165944
